experiment_id,trial_1_distance,trial_2_distance,trial_3_distance,trial_4_distance,trial_5_distance,trial_6_distance,trial_7_distance,trial_8_distance,trial_9_distance,trial_10_distance,trial_11_distance,trial_12_distance,trial_13_distance,trial_14_distance,trial_15_distance,trial_16_distance,trial_17_distance,trial_18_distance,trial_19_distance,trial_20_distance,trial_21_distance,trial_22_distance,trial_23_distance,trial_24_distance,trial_25_distance,trial_26_distance,trial_27_distance,trial_28_distance,trial_29_distance,trial_30_distance,trial_31_distance,trial_32_distance,trial_33_distance,trial_34_distance,trial_35_distance,trial_36_distance,trial_37_distance,trial_38_distance,trial_39_distance,trial_40_distance,trial_41_distance,trial_42_distance,trial_43_distance,trial_44_distance,trial_45_distance,trial_46_distance,trial_47_distance,trial_48_distance,trial_49_distance,trial_50_distance,trial_51_distance,trial_52_distance,trial_53_distance,trial_54_distance,trial_55_distance,trial_56_distance,trial_57_distance,trial_58_distance,trial_59_distance,trial_60_distance,trial_61_distance,trial_62_distance,trial_63_distance,trial_64_distance,trial_65_distance,trial_66_distance,trial_67_distance,trial_68_distance,trial_69_distance,trial_70_distance,trial_71_distance,trial_72_distance,trial_73_distance,trial_74_distance,trial_75_distance,trial_76_distance,trial_77_distance,trial_78_distance,trial_79_distance,trial_80_distance,trial_81_distance,trial_82_distance,trial_83_distance,trial_84_distance,trial_85_distance,trial_86_distance,trial_87_distance,trial_88_distance,trial_89_distance,trial_90_distance,trial_91_distance,trial_92_distance,trial_93_distance,trial_94_distance,trial_95_distance,trial_96_distance,trial_97_distance,trial_98_distance,trial_99_distance,trial_100_distance,trial_101_distance,trial_102_distance,trial_103_distance,trial_104_distance,trial_105_distance,trial_106_distance,trial_107_distance,trial_108_distance,trial_109_distance,trial_110_distance,trial_111_distance,trial_112_distance,trial_113_distance,trial_114_distance,trial_115_distance,trial_116_distance,trial_117_distance,trial_118_distance,trial_119_distance,trial_120_distance,trial_121_distance,trial_122_distance,trial_123_distance,trial_124_distance,trial_125_distance,trial_126_distance,trial_127_distance,trial_128_distance,trial_129_distance,trial_130_distance,trial_131_distance,trial_132_distance,trial_133_distance,trial_134_distance,trial_135_distance,trial_136_distance,trial_137_distance,trial_138_distance,trial_139_distance,trial_140_distance,trial_141_distance,trial_142_distance,trial_143_distance,trial_144_distance,trial_145_distance,trial_146_distance,trial_147_distance,trial_148_distance,trial_149_distance,trial_150_distance,trial_151_distance,trial_152_distance,trial_153_distance,trial_154_distance,trial_155_distance,trial_156_distance,trial_157_distance,trial_158_distance,trial_159_distance,trial_160_distance,trial_161_distance,trial_162_distance,trial_163_distance,trial_164_distance,trial_165_distance,trial_166_distance,trial_167_distance,trial_168_distance,trial_169_distance,trial_170_distance,trial_171_distance,trial_172_distance,trial_173_distance,trial_174_distance,trial_175_distance,trial_176_distance,trial_177_distance,trial_178_distance,trial_179_distance,trial_180_distance
6-11 part 1,81.62126592370733,68.18281357202338,93.90984407257682,167.61429982780047,101.41629479090378,25.65322251067306,70.21297643850319,120.45739537237193,185.57691915762976,16.94413173981575,209.92545765855303,64.12109251816598,84.63609707565547,93.50229787891222,113.21984140155249,24.005271706836446,132.7315295572443,105.77094604897755,121.6600979700629,96.0388405645461,miss,55.48288671295026,45.148281997499055,101.57419354838713,177.9780547451389,91.99498696924405,76.31899318048711,29.32485104237792,68.69597924941763,113.1354838709677,187.67802925193934,70.31488563995406,118.32397367878743,60.4871517389791,151.9349222645603,59.00327862634123,80.32427100177563,123.8819780053003,66.57864463111062,258.498525367294,105.81929111711455,93.33074393117805,97.72469474262384,60.75713478826582,188.49382747686525,317.9226138995464,miss,14.887437524496432,202.36807915008976,106.07997375785023,66.84952957634451,102.56303358657416,107.1163604320855,38.42441124874507,211.46450815727366,147.85625778322935,57.61738666946021,123.05624544143868,208.66937836995353,62.08944305278965,131.31361289813844,75.94726030315138,54.44062876523187,133.85199212580207,53.62657641721136,NA,NA,NA,170.95789235170193,153.9193350640383,NA,NA,NA,NA,NA,NA,NA,NA,NA,NA,NA,miss,60.60541731314372,99.15181267276724,89.37805125300979,38.66326680186089,128.44940877226247,miss,57.243340223994664,153.44230545393174,117.08118335735229,miss,164.5863541453655,172.53031717177217,64.3122455863743,52.96761463188506,45.48687064004679,98.74172956317904,7.834287880675276,86.36293188725317,miss,120.74013305214011,154.37280442855993,miss,miss,138.97613536817406,79.96263018965188,35.13318794105007,miss,112.04522945814702,24.51129324123799,50.879328786991394,48.771544560254846,44.35587799368924,85.20225798574165,13.44315507290807,25.439664393495708,77.92830558695937,74.01455885132526,miss,159.3292914091333,213.72279399796744,102.1232472430808,125.10081944581565,136.12787524351592,79.72347630590134,83.27552803314279,77.31330370822967,39.65591024654192,111.17759601826063,miss,24.076188469038595,84.63609707565558,69.54937817236274,101.56076491353885,52.45008766579748,126.32409633675032,35.89171829611474,151.6473877048685,117.75490374893039,NA,62.37982544275415,80.93324544661712,59.118745035463625,41.684825068590094,177.5963926099123,164.36867876768213,147.52148759692457,111.09168771841058,234.9009318490644,82.28281778097475,37.56284834037811,95.87893858237929,miss,127.91472705886203,47.00572728405124,117.40691036500701,86.53253795463257,191.43932009343214,26.244539593613545,88.14105807526042,31.085882177599967,131.39408501726183,89.5724054430684,79.45356774670026,102.23003584528475,47.925241818167834,81.77151996647405,43.266268977316315,112.64012108592486,160.4637773771891,158.55698923272763,111.4869294682011,158.04002443565122,51.99958376524355,109.9098440492871,12.605388405655761,173.25608289507662,52.2285858711681,145.94128621419034
6-11 part 2,miss,121.67411072024716,miss,145.51075239814938,miss,96.25517248963493,miss,246.10279249635852,170.88407934738007,210.3214090606593,miss,167.71191790969723,miss,119.75332537598119,NA,185.3139853701747,84.60386089201593,203.22222628694905,90.52661930796845,12.925915534450386,101.84574244877773,miss,275.23275462699377,82.59715963903986,195.08093467020353,75.60076529241721,39.88739196113205,miss,184.4268207057465,211.26446845021655,150.03791959133716,230.6130128734189,53.88663940484286,miss,miss,42.14850115773881,miss,miss,224.58291924602267,106.35284254586627,222.1096990640307,61.8969342396068,140.09046460281536,94.82401466139079,118.53127688680408,58.08889524048586,120.15129137874116,6.657864463111012,84.09045622604172,miss,8.894207681460802,131.14472072162485,miss,miss,269.1381649670507,76.51532393636168,279.2764607324627,miss,miss,miss,186.02836926860576,105.40603382492554,192.9243652242775,NA,322.4634088898162,172.0949736580841,188.43050317433978,129.15623463406286,79.83460113247432,39.12789137501189,99.18619621323712,72.37476290760002,72.83968684164101,miss,miss,45.17848152060665,110.1298902020742,67.50431072680732,165.00431249685514,miss,183.53722558047272,159.89327554014037,miss,miss,29.196667094154154,miss,146.63355701074462,114.50454898288163,79.03619213381631,342.6101682194002,169.33664197171257,miss,40.63269855014825,75.91133444480104,132.83168008472637,73.9039103895301,miss,101.10313008820063,101.65808232695188,217.59334016863653,143.60961767681852,293.6575173255229,135.17016338570815,62.89154564842459,48.57539276751357,182.92311935962027,118.30956413435383,98.68991748246182,207.55524370235867,73.23650909422159,71.5836545908252,119.60802300654333,122.44791183774228,85.36218728271845,201.60504758889215,141.20082951591797,125.59047399866425,miss,miss,32.37540464955899,37.38997734456736,74.27668834029456,112.29145962301139,22.840677881293423,90.55674714616276,236.01889340411816,184.7094786654029,181.92686687440874,miss,233.6463170195837,67.38297274244248,38.953212416233725,235.19831807251836,miss,102.93802465500845,196.16336541597553,147.17437228838705,69.54937817236275,10.76719881117331,174.45637710616157,miss,148.01299265184966,106.11853894589999,44.71572272121682,117.44175610490133,96.42505967431178,63.97735291291774,miss,119.17105292107823,121.27833022388558,137.47135287616285,280.6211347520192,106.91562760232168,80.52777417855239,87.2741076420965,miss,134.6469758908282,miss,miss,57.883082847380834,167.6712506157168,miss,48.1027827751992,75.77646077987981,miss,113.35528448330653,187.62351658314574,26.631457852444267,162.39647120723387,140.2048152472744,83.55349542236088,196.28847848154356,139.6956024818159,83.58205723337493,219.0131501950892,166.41383117095407,129.40943068115078,miss,91.57147268544651,40.49820848801613
6-12 part 1,75.47437271368635,34.048872263165165,11.110089535648003,85.54175033858354,101.22447006663238,68.3476453460515,171.65058038986922,48.75056604703526,117.01126674498212,65.30139903494344,139.27758910256406,197.14648145702336,68.74063697476309,168.2255104070633,98.93836801753372,56.78883095768089,211.90425262102724,66.56327855529005,59.08989958605896,205.01632695572886,173.94942032805437,202.77878783296134,165.1881268519673,67.9874971672865,123.05624544143859,27.16388616819371,32.164074684532444,80.99641697603195,66.92599606290106,110.41127994373461,192.5687863642231,51.18667880815238,38.10360813851865,135.94740734944682,NA,152.46140604423945,133.82141951309393,122.22214469352897,33.23806851715816,69.51014568966261,189.5491161408059,100.9647597209793,136.81746363633295,114.85836729181149,143.15301841226088,miss,194.8920721627317,64.2698162592513,37.88823038993992,102.75235942461714,85.24626845275795,miss,141.00750956009873,27.050676610740414,109.86019533120347,121.67411072024716,157.9968676832257,109.3718216901076,122.47853947804204,70.50859092607686,158.15002084948648,272.8362538123936,66.31693712652827,55.67920006123375,miss,58.7716652549223,149.52798769828627,84.058010789809,28.950376287724442,11.678666837661694,28.63060368245212,101.92271704453266,21.486842766464278,60.198968051142465,216.6274649346103,31.21723156056492,32.37540464955895,135.39448725860598,70.71623233097507,93.50229787891229,33.2175448544929,66.88522481570378,137.35720902816982,47.96080258719083,35.21074474170273,33.12503101131406,98.68991748246168,109.40610997135151,209.3838731295774,41.49626062914428,51.366223409825835,82.25795015804827,88.39601367783006,118.23749007092731,24.55299096331315,miss,42.46283604953163,70.00384232059123,37.38997734456749,NA,44.784299315055506,18.631042762617305,39.72463804550008,miss,77.96767547076324,92.82152680100177,121.43848191878392,20.69465036162753,234.8835122098025,miss,127.76803122177809,128.995091421426,60.74029600514734,30.95397543472113,71.0961325420375,23.661912826870687,97.6339341563955,99.18619621323711,miss,52.26121854281248,miss,141.22980468558907,36.56001010981771,163.75348392128325,82.0213317092511,80.96694306250285,68.666191297197,26.962296100854985,112.55532906964966,59.34900392078359,19.85373362402487,58.951244957150195,68.8348192509512,63.795886792928435,52.05201592755833,257.6569064799463,45.17848152060674,37.49015770943143,70.1935483870968,63.795886792928435,77.90642483246735,116.62305242944232,22.780885428246687,32.887424415776806,229.19513844764097,73.45964992084589,30.565996219163658,38.812903225806394,132.03093132377228,10.735483870967764,59.6241408204295,176.8730140551025,69.37757226812519,206.2996085579298,140.44052114396442,93.76813167707988,95.62967072513041,43.23473379165624,27.16388616819369,156.5921534375531,43.674154354547134,156.51156550004774,73.12468333753927,101.27835228220759,miss,miss,29.544949793029506,114.10780670255758,111.91124772481855,49.89128660064856,45.449374243731,35.59599411571993,64.56623602586212,65.66070133886923,94.1419354838709,130.80628216845943,123.45461209974815,miss,24.829186276538515,NA
6-12 part 2,miss,miss,miss,34.21869312842425,130.06123907801998,240.44018183444874,120.2222181103282,137.88000453424783,64.94535924779517,127.9360506225958,68.94371167708256,41.92950428832573,58.72523296226615,45.509353648573494,143.31013849705744,88.1178437142742,170.6704404716307,NA,195.07394302319855,50.3741935483871,27.000208886539266,141.00025490563746,54.038290659866064,73.09203526477236,172.84821464791546,52.05201592755833,30.386984452912053,157.83924539903688,62.89154564842453,88.63484937908844,59.73840719742123,158.35686565180401,46.60505124177738,39.724638045500086,206.97945425793242,68.72079267961075,28.89142616284638,110.55941679024433,106.64419881305622,51.50543650522897,16.287449123770713,195.74574432256608,39.71605357472557,118.10187175647528,61.80873051223271,103.09690015737792,71.39286625957487,64.41819663940183,280.4497556280658,129.7331159479691,71.39286625957497,28.04096304945495,103.67078285361684,46.845868110229745,79.62504429826407,57.95372943532676,30.014400983347628,79.0361921338163,NA,miss,78.94986093149888,207.30373820828714,52.18939973144758,195.62377023181165,67.72116425024716,117.29068313227529,115.00967049779979,8.258064516129036,89.3246251469788,57.07631053007272,65.81630792727547,76.51532393636163,171.76972703567557,86.80793204285368,82.42359259353458,120.39793610228499,54.082442174044246,43.06879524469362,105.6064072725889,94.04771742560085,156.5856208255523,79.16120514231555,49.98687694590852,48.15237693807724,54.908367144891585,43.830022638544435,125.77495850647256,132.4203240701632,107.25315283442268,116.8596372487011,50.6644204186524,88.65408228576581,108.16488434808863,57.290973550500965,miss,208.5811205007405,22.464364195072754,67.50431072680735,32.248772855356556,59.846758175359014,65.40574777365845,100.9140890118036,166.9130328677272,miss,12.27649548165668,79.11380966893826,28.18650535783393,90.19832928396814,144.85549094536913,73.53851659856329,77.64337481360128,47.93946929118955,122.71494985450614,20.51260671731479,57.19566722782248,miss,92.84723760962278,miss,133.21873229675865,47.71132061119351,miss,98.22932161727586,72.22384443156224,24.96613814970796,136.08779194911588,44.784299315055506,33.00127579282672,105.81284638425319,80.01804583148024,62.761290322580635,36.569335453703516,98.9452605159237,11.110089535648003,188.95815876756504,97.04543493234007,151.23986282796156,80.34549329890467,47.18672805875338,148.11201880490356,190.9470956581182,112.02088106225834,60.9084743501156,115.45353070539376,NA,NA,NA,38.49533777195487,141.26118774586135,49.168435684266825,33.615496154091545,144.74952581520012,43.266268977316365,104.47022807283419,23.962620909083803,63.50661014207712,75.34776811724251,80.54047605420816,103.71353165968081,36.485321553547585,31.39150915509374,98.27443745568858,79.41493449609946,73.53387972371401,133.99711677827526,41.56194529333379,117.14232616165684,40.26176988737695,miss,miss,miss,103.6707828536169,85.93546837159592,57.00457655468534,60.77396890582411,125.2315811934027,103.99916753048723,43.9775858149387,35.62471987220314,92.29102952678241,115.21701805158507
6-13 part 1,miss,74.16643094897205,164.34378322372655,miss,146.87751854063129,miss,46.86769919558258,204.10955414593516,138.85586175380678,116.04858001732494,95.72589379565,89.0225483251393,241.24999490491874,miss,22.540129550792066,233.55143822637157,99.93622940641133,83.99308231760061,49.98687694590852,49.610283919279325,37.99607187101673,244.1162650961531,43.954319301107674,9.232796810321698,49.72013245436831,53.019089488184235,97.79445326013904,miss,92.71493463891811,142.57782160392077,miss,116.73118152788012,miss,91.21330388386897,43.29778119487864,44.66231257348933,73.65897288993949,187.7198115774913,214.52061154666671,213.36192385594217,70.85111355062214,miss,60.69536974455888,99.93622940641124,62.94032189866527,184.30475598889157,miss,miss,40.62430596541552,171.83522247683342,213.85995631654092,76.76447322580802,136.6803232350048,miss,173.94942032805446,230.7312683842346,76.99067554390979,145.68171427138313,92.44607236397607,165.98915100638655,142.04111025728346,220.25978040414836,miss,190.00369041818269,105.13395092869484,117.7433205397987,miss,200.17929944197041,110.96577342590064,109.00957962276406,80.7940942196274,47.63980007838875,150.40563232529465,21.942222873742594,199.3531667118526,19.956514640259407,109.71111436871368,miss,27.451078422453055,70.15953635182468,71.82617472516799,43.88444574748549,173.0650759092651,miss,113.90442714123333,187.30520981357958,40.741644828222825,72.65689013206418,263.19528222764285,142.62325330371087,163.52010393605767,86.07819207490655,49.49330271387814,100.46369082298993,miss,63.77985028839107,134.54564231042275,93.68081749812812,166.92937486094888,141.50477288494395,227.97643122610063,119.71915244880127,36.19444769166228,223.75697832379493,114.10780670255758,miss,168.60209436031536,miss,39.86173815295063,81.85904079473144,141.88979440574167,miss,miss,254.05999570021348,53.39718411669386,254.11501652462226,miss,145.73553742257235,129.27234438135727,229.3126381937546,101.97957396833836,80.0478691331477,129.8171944506043,90.25501620437524,28.61869163546999,223.57861360608425,73.36210932277781,26.886310145816257,52.45008766579756,144.7872111909532,181.75622924083237,198.23655447383214,56.64454404836756,81.08056912026316,57.7179045326668,miss,116.97629276788969,miss,27.85796590399256,88.63869629427782,114.72469875158552,39.776105963494544,47.18672805875333,100.23603195446786,132.59273471290658,64.54510833026193,miss,32.72111526178515,147.37811239287538,157.8068377596625,119.9126702694717,153.2444028103993,228.48737874915253,60.374302476995595,184.39723667913552,131.28504641851384,109.48088349185021,miss,227.4088647317532,121.41601723156059,miss,205.45493613061973,157.651188357166,125.7180142425852,65.3692446626297,miss,63.63533988932865,95.85048363633567,147.0422536199571,132.386845249085,55.482886712950375,132.33789942941593,47.896774193548325,119.21396394194467,86.7725731950884,40.05799749577463,41.47160205870151,61.89693423960691,167.30480013987614,139.36324944749987
6-13 part 2,152.82998109581825,48.074420282889506,141.3311709989757,53.62657641721139,103.42381009862952,miss,72.39360559547663,98.71755397627776,98.78315966132237,47.93946929118963,164.70647053471873,119.20252251344859,67.76143252450578,74.75259116268738,miss,102.39000991851412,133.3875547053029,46.25253397451291,58.77166525492223,64.81923122602255,61.493476553931025,65.33794005009337,91.13102527081251,168.40985830588951,110.32786555913493,58.23545876567188,17.243344943749058,142.73079701393482,101.48015578787059,NA,130.32314276467716,49.2515841692852,93.95340488392105,9.232796810321679,109.53381718528766,161.45308123466236,73.90852404938968,85.56964850376109,55.62405696098742,89.40093838186938,40.498208488016004,104.5648377140243,61.69277174295044,23.502863642025666,23.64749801418553,64.49754571071306,104.0811018121083,37.09700532887322,55.08816129703784,78.07256476770092,172.61132799300515,65.90949554121462,132.15483619000818,120.59319218795552,miss,130.31267672364163,16.721306203925998,29.60259853036996,112.50381702392663,67.27662248807314,31.380645161290317,miss,55.42754830715817,175.05538579470678,95.94293135506706,66.40428756389038,47.7327558742492,154.26674575213278,miss,89.60285412430592,69.06230759904639,30.854675311102906,79.91571001746938,124.14593138269235,71.47878402768896,44.78429931505539,54.902156844906195,45.44937424373095,92.32796810321715,136.8448752242117,28.02880041038804,132.03867878432163,129.25915534450397,84.39806577619996,109.50891039918088,123.78285037866435,118.98779202676539,69.72565116799731,142.47973541947255,87.52769289735333,33.53425012314335,116.34789412009599,114.79897826649056,7.613559293764535,112.70064775396072,139.2702443357378,77.64337481360123,35.66298488846734,156.26955233337182,91.21330388386897,33.9485808162592,34.99704997230175,45.599174828687794,27.500718749475862,47.18672805875332,34.732991330788046,72.44539771693023,49.2861879704833,74.98486284982927,49.720132454368205,miss,52.1567221252564,31.085882177599924,24.076188469038602,33.858064516129105,49.63776884322673,38.95321241623372,22.675869262857894,152.2196736728526,94.0404659727641,47.30220508199534,87.37172753306628,46.72926340391678,96.76393924166706,45.17848152060667,123.45461209974809,103.01087301045791,76.91091539819384,120.97430347795807,13.238684524908487,116.61135679160215,16.72130620392601,97.16482365164327,11.82374900709266,98.2709677419354,miss,102.91152155862295,79.17843282590195,212.48274411176388,84.2039168006961,95.99977800876162,49.89128660064856,26.348273356046505,miss,27.45107842245312,90.23990317409442,36.07177029011245,90.89874848746204,34.732991330788046,56.166981609313225,46.495176704856284,58.91653031386663,28.379400716287297,149.82641749642383,185.7054922847578,100.08964972098512,79.72347630590126,38.06779646882229,187.86688403927496,69.84780124090787,37.66256888069417,60.59416387003994,66.4761370343164,66.40428756389032,71.84990714766424,95.32611204637064,72.3936055954766,42.510988969236735,miss,50.48237986048968,109.38429139961,49.884451709651394,NA,NA,NA,NA,NA,NA,miss,86.70967741935486
6-13 part 3,miss,miss,miss,127.1205584426536,116.80126579788222,80.44728239373248,199.7188617163791,191.39478668565513,miss,106.16672573101884,229.82506599006143,NA,NA,NA,NA,NA,NA,227.8223248414208,225.60240292149868,miss,135.56311538106894,127.13396934041556,149.49149743169485,82.96375648883551,191.76498971375554,NA,miss,168.80623154532168,miss,157.60576165933975,77.64337481360121,90.3909197690285,miss,miss,miss,112.88203303402123,miss,miss,69.10179434189469,106.50342277821656,278.75708079554227,28.089560942154257,155.3591940231856,143.566873184459,104.97815837445421,193.3022228129643,miss,54.534497382727096,195.77013002123888,128.9554351952223,107.05267650229918,142.37679194480867,107.04949131131082,miss,miss,59.21095604106191,52.670657962453,136.1178555264963,125.55788977066648,miss,22.67586926285783,miss,74.9848628498292,212.77781017681804,67.76143252450584,miss,miss,miss,159.71404206935313,92.26885928275183,133.59190190240645,123.27771917822633,185.14646945292944,miss,175.01837311013549,218.85740638329818,miss,142.12510500775412,miss,119.34260442964175,miss,147.57926077263608,97.99299259280981,191.1452078632208,miss,miss,84.43038053407082,124.04701468490588,117.1190374285913,60.198968051142515,56.74077608894554,miss,242.40479006747924,122.32253708996093,miss,178.00870560619245,miss,120.87561222857866,81.87153613265158,150.16059055309734,69.7647624604675,119.35688925875853,120.59319218795547,83.21408669669967,miss,162.35657267553697,29.196667094154257,miss,133.35431870928778,38.82168740680054,190.76844002800365,107.2181760415335,35.47124702127814,84.30104718015771,NA,NA,NA,NA,NA,miss,133.73220947160053,miss,miss,NA,NA,NA,NA,NA,miss,103.72339426672369,152.88128765988742,miss,182.49014695509447,42.31804853782776,111.16839473300405,212.18566075631296,40.858646715798216,194.28051123245743,137.04406728776004,126.4805549499094,130.2001136488472,miss,miss,82.8650586172857,83.09517129289542,106.37207742334918,155.32407368726007,119.8785427656206,233.1905467479586,NA,46.605051241777424,54.3403235141767,117.69697630359647,154.8579772958241,miss,miss,116.76914906231329,miss,127.1259229715291,25.613315995698912,miss,176.05372370851367,miss,28.186505357833894,99.86796694666597,94.9533789980249,136.56052452096154,51.3396638302788,16.53676130642661,72.76943475632798,131.32140267773826,44.317424689544225,miss,100.42295404055285,62.17176435519983,96.20910975145503,111.6428018876248,28.43941220372247,250.22071755191584,54.84001516472648
6-13 part 4,162.532892116553,33.686425689800025,31.44577282421224,239.6219401773553,46.008611599472644,60.02880196669514,141.68538199611132,178.65688471417835,41.81549882193644,27.698390430965123,76.35026138889057,137.35720902816973,21.439182428072705,64.81923122602252,115.16669653886636,22.94493975031714,18.831284440347027,35.036000512985154,56.493853321041094,113.37934631428938,232.18088466752548,NA,NA,NA,79.5950625694323,100.24963804004086,102.15996841582407,25.69306704285568,113.85951509619053,139.29717325411474,124.83069074853965,66.56327855528995,40.49820848801609,16.454076981818908,106.0446100149149,77.5554932067023,141.28049693335484,79.9668942947177,89.07998346842368,32.24877285535655,124.04976343602105,91.69798865749094,117.99788848002333,miss,miss,193.18929613599005,129.65424283340454,57.225467504542316,19.26095077523092,115.64239255244989,68.09774452633044,71.0625525038771,120.57905382197826,28.089560942154225,108.06711600146497,106.68575618291554,miss,41.92950428832572,miss,miss,22.03526451881506,42.63113331328925,60.42511072595145,101.57755042971226,miss,151.42912677898107,101.58762040813482,63.205221138671305,117.29940416951139,114.96519022547479,131.55488158120917,182.8187026638808,66.06451612903233,miss,195.34119524522598,NA,NA,NA,NA,miss,18.335878863421552,51.046596411542566,62.13336132038746,91.36271152517345,70.46505366294072,207.79003570577098,159.05298091772352,136.74018323345186,101.02215580029483,70.3875875917957,80.65893043744893,48.27967085747519,87.10203090468735,140.5060596528404,10.73548387096769,27.05067661074037,55.69756896261705,53.52474565565539,29.832079472620872,33.97869933244453,143.41716713610126,11.82374900709258,97.44866040737809,122.18587161224552,39.47493046574943,79.0750104247433,121.46374972558084,100.91071005986768,54.52824450219496,61.449100956195124,miss,43.88444574748549,NA,NA,NA,NA,215.11108878970273,85.02598831454863,151.03004394072306,13.341311522191251,115.78383677111476,47.553833451810576,86.45369280117188,99.6765833559262,151.2398628279615,118.60892217871069,132.3997227205662,miss,19.57701300212388,23.948387096774244,miss,40.79182958733534,miss,28.52321616792032,37.389977344567406,186.858669402587,126.32409633675029,miss,59.11874503546355,52.81288903950697,123.93976584095901,40.2194024444231,90.04320295004278,81.85904079473144,63.75311381675357,82.99252125828863,miss,80.20957356816889,miss,113.3643082684226,44.35587799368926,70.2663758821001,32.301596433520224,81.08056912026312,81.269592850982,NA,NA,NA,44.9287283901454,158.09395380914904,61.14314689375054,65.90949554121477,34.00879117538933,106.63140867163195,38.25543373427768,27.050676610740393,30.139107246897,57.95372943532672,NA,miss,46.845868110229745,75.63683866452484,154.05440935131566,80.93324544661704,105.48687536413932,81.47073477236866,51.186678808152244,37.99607187101677,129.15623463406294,92.3168880822035
6-14 part 1,117.81803639511229,miss,100.44332451291208,139.72733009498495,101.58762038327589,65.49431341748088,161.0322581,96.47808806166545,142.04111027956364,82.56825712260064,11.590745867989524,119.93257348422561,96.4250596418506,116.83921054188936,115.96628021580862,112.3218210559527,21.23141803191757,66.57864463255103,151.9573630517147,87.8970015034206,miss,195.65165670639033,44.662312533407864,171.81934713032473,70.11091906750089,28.41542282021093,48.46998493120046,93.11127959099333,16.516129,28.891426243616667,205.64073009245274,miss,64.32814946679461,118.87597880986965,128.51044936762202,60.28952695075563,100.46369084049047,43.61165099139083,76.2608895964365,190.41957941886614,39.578448812468196,144.86490636488264,65.57236031397153,29.7748750906849,147.37811245803653,82.77860142050794,131.99735373219806,88.59252225815452,60.90847437215852,131.0640955426621,45.60665200676978,62.177248538965564,56.16091049930295,107.35483870000002,98.60350351230962,miss,37.734927446660144,117.072446047227,33.462998027788586,37.67162131013249,66.43508966126959,miss,109.69557348240306,197.74745493285047,54.97663412043022,56.542118037496266,miss,89.92573461578016,77.18971529932713,66.00771749738108,75.15292436823638,miss,202.00549213723409,169.92359914713165,186.17128340054094,26.886310093303962,37.09700531874816,miss,144.6293381679261,116.47091752507711,77.71799603965432,74.17562527772586,53.67741936153847,miss,miss,156.7727811000013,120.65820741381005,miss,18.63104281266086,215.3091383549354,174.37035715226952,87.41074501569845,114.39133451810194,miss,177.08687196390588,55.32903230000005,52.3459683237171,63.005298086279495,184.65039640459597,42.63113330460358,74.88930880729546,124.87165686306997,9.232796769928234,95.14351192022136,86.55223802265981,114.53730074961184,83.42280261902411,138.54118505156885,145.46387849362867,184.39723661724685,139.46352747881718,90.35696295064517,30.565996208095342,99.60471972664173,miss,271.2582503778212,83.41053965005516,64.4181966129358,21.801915993710164,110.20726672932102,114.32275538660494,96.7850798096544,124.82795919168593,39.51809604823575,108.74651313577453,28.053120431177703,12.02392350270569,49.54838714,110.94733495322404,128.5210622363343,38.495337807247125,87.27410762066918,32.06852178749898,34.25852868308354,37.67162126629006,miss,81.75066780295748,miss,156.609572402146,73.53387967611211,32.66897007119943,84.89354584857814,130.59757635717452,92.21341044187818,31.61879077059183,96.02108678084895,78.45595922880588,29.196667105011716,73.12468337371374,26.962296118639014,105.65805481602914,188.51553371502123,58.887585808314206,62.81016778156933,21.42327213516063,104.19897399451168,miss,131.05629037748065,miss,117.90248988013805,93.06732460383299,136.05521558819012,74.82553832107665,10.861788054395378,57.034476716208964,82.9514256713162,67.78155766962627,15.58128507386104,89.46575345410206,97.94078437908291,138.54118496513826,69.6816246729812,52.084759190575426,50.23184538572148,101.34566471374043,147.31794580830476,49.55526834340512,miss,149.96063075629593,55.33519469076368
6-17 part 1,miss,miss,51.386134056058566,23.357333629703593,91.79461852926593,80.61241556772762,203.5591964875367,59.84675819921732,miss,10.445717153831845,151.95736299193558,70.50859094647869,44.69284049804723,147.7108991201129,52.228585851378334,miss,58.16515435117015,144.31071121311373,43.83780147211439,miss,124.7733154741576,29.40613166243589,129.6542428349455,164.43712210574384,114.94146039835186,77.39705484253008,141.70222704710264,57.03447663367818,114.85836726843321,147.03065861210345,70.81741734563268,91.23199319973506,210.17058112170594,171.27870832959164,53.98778761178911,35.27846705652371,54.08244221729114,44.71572273360821,87.95517167966923,13.744158536115982,162.43426083964306,53.21808429221164,NA,41.290322624000055,33.00127575464577,28.077419388235295,20.694650408997884,153.57557905480041,63.97202310233516,49.61715654394669,miss,61.90795084723885,112.33699853470311,102.38001881469995,1.167866681485204,218.08952717420266,103.24892645260358,116.12201267015082,133.55105750349693,88.03654526378483,82.84448169839251,159.59444126934716,37.31694992681158,miss,53.26291570008716,67.21577541201981,121.69372584330361,61.15987484484823,52.313388482941534,104.90667607884403,46.75114895854447,55.396780852120486,79.93704075040911,110.018372472768,168.49689755450382,miss,126.66105106818843,miss,miss,39.72463811135196,92.18382397824978,149.5051823161808,120.0576038970014,52.228585851378334,99.15869039583946,79.8943735377272,99.59444922992125,165.26242062650854,85.26226668281686,62.0235073711004,118.92186368289455,miss,13.544232863227053,miss,209.38550159813087,115.04820622727986,19.888052942903464,27.251612999999963,105.07231063596328,69.32840662839298,131.46932078712862,131.9896038750948,63.99333990936256,84.3010472109359,30.688461051029957,24.746651375346644,95.80778538597433,45.80807260401982,129.14567406964628,19.629195213344275,81.7172933690066,246.49043039065245,63.52271554774847,63.608542682147586,7.055693384151165,77.6433747619314,117.38367414375833,173.43704974899768,126.58565116488307,113.09026648641247,miss,85.26226667313138,78.79422638755531,103.96637568975295,miss,NA,NA,NA,NA,NA,miss,miss,miss,63.501240726555444,28.040963043279895,59.46379900227444,NA,miss,96.25517255644307,141.08003556600025,33.94858082049653,18.722327237110374,192.59888552480743,17.18391911680637,129.27234442879413,146.90305300770999,51.505436561759524,84.232258,NA,miss,132.5618716944233,32.16407473339731,32.12164183467414,71.9637138421681,92.73332136099505,124.96173513104624,92.19861827100478,46.22303619979607,258.54468870491246,111.43186359397673,NA,miss,74.3867823187154,91.22078005624691,91.67939428802204,264.19612168033325,106.6314086550437,51.716850134847775,157.625231941949,32.887424421851875,72.93792605278652,131.9973537465874,58.498347718868,104.6561038437729,64.65595174116967,213.13646973794465,64.43936599967024,miss,188.89318501137342,42.31804848834959
6-18 part 1,54.309137665774095,185.951369939189,miss,miss,115.9486369739027,132.51041737226606,100.87691440834186,51.33966387718519,47.13611795658028,55.427548248812364,101.19751818179924,75.54662289975285,81.08056916152886,112.45834570153588,39.673103380657274,89.32844235225815,103.65104664342984,185.52730282421211,miss,78.15550224772996,128.91576671830163,71.23986772245003,68.74063702010373,83.70028092371717,82.78272054345982,19.888052942903464,41.791028565692976,303.40830304326363,70.2663758811902,28.246926640433117,103.87122094368173,64.09981812042685,97.5011321001359,19.27864572560642,29.923379141004688,145.4404358997576,134.4873408232978,39.12789140517212,123.4435637265674,89.8308902893639,33.23806849696144,48.39253988093651,182.08610922906837,55.923622707542556,27.698390426060236,75.47889038130413,miss,46.0086116388446,121.64047748971792,83.73693705576835,77.96767547417988,66.15735406090027,77.92830563556883,96.55934174358686,miss,104.69193655908903,86.89430423748848,83.8996596483314,66.97183406640328,53.21808429221164,149.8605509950293,miss,85.09413577253237,21.05401605422713,33.948580813198944,91.66451620000001,62.956572327407976,128.03995211471582,32.20645156923077,48.60346292242914,NA,NA,NA,177.27931594282683,80.1713046474615,69.37265723983259,11.502152942019288,52.08475919057545,50.15032220886465,64.23266762310624,14.038709741176456,52.443586306798124,18.849382734967303,62.0235073711004,10.861788054395314,100.75177147245212,41.09994816282888,92.99035345010496,89.05318504003841,18.557691921791942,59.54975006488279,miss,110.32786558354574,146.01836725113395,48.67356744011077,71.29249796882974,43.462845471871745,28.725722204660276,50.23863302993944,92.76273244989221,93.14057135478087,26.438706478678625,43.06879526028033,178.94294037013267,44.070529048994075,102.96120927109955,38.89188940763956,106.62821090825096,47.668421196596704,90.6169728008524,88.31497121776647,38.891889401269545,61.9960134530849,59.5497500815238,78.60792579596628,60.74029602654964,84.91362619690092,36.671757754301545,65.28573236323824,109.01896310089629,44.99698037833242,125.59318897856795,138.84603895798185,40.800187743152165,9.94402647560395,66.31693710098075,160.15110453731592,150.7792326826751,49.11986746388381,12.276495474495851,47.30220513363756,32.248772824379856,43.70537253524676,26.657052734032998,66.08515803641998,48.582411842271384,90.9512499642969,122.30023479957136,29.568022787761876,85.88784103203028,88.63869632565354,90.55674711839337,62.13336124488675,30.139107286670903,44.94390448683644,17.673029804222512,35.54806624456574,18.867463592023658,29.196667079555912,8.778443009521993,101.34566483515175,32.5330011914242,NA,NA,NA,64.6031929402732,136.79752453852424,99.220567844519,36.50400801790912,18.631042737309613,50.37419360000001,66.25520873224995,13.744158536116029,194.1084370058695,68.09774452429622,74.43718758748257,45.88987954777051,63.77985031336767,51.99958377087876,42.623134201254494,72.54417094223054,119.3283178567297,69.49052118296034,50.211477021708916,56.44554734240426,41.232475638390035,56.950716762394016,49.0225864709559,25.613315997258937,32.721115268542306
6-20 part 1,182.1537064926212,miss,100.7517715019593,63.45289568563688,77.6653296890777,124.918068928356,66.65030616595335,95.39762457680041,miss,138.51903238873055,89.43144546721648,37.3078114802605,miss,46.867699177166955,226.41257637046394,miss,133.38755468994506,NA,NA,NA,NA,84.28891198515505,135.10203642337896,NA,138.45255333084333,79.11380972422711,84.60386094541734,77.19413262119232,167.86433254353906,miss,64.24328371562402,271.2984722322973,miss,miss,79.55649802237414,14.062977030057668,miss,132.66986088147124,miss,209.85397706782769,50.966376452287605,155.29114113671233,141.3552950440831,110.80894861214632,124.79517588200186,171.9106105348792,74.94847564093438,188.75413818909513,86.70574489011773,35.03600054355033,62.521784066872584,52.76121297784309,167.01718565255112,miss,62.95657222771813,175.96654682214114,67.30195923233315,miss,miss,103.37104618444432,miss,155.3965006336257,miss,155.88504957679777,miss,75.15292436164337,114.027096507085,miss,325.1884884101426,109.03460043424892,110.72583388286391,miss,83.17720015038039,226.728616593735,96.14884057724933,73.7930960222494,miss,77.75308708234601,30.059808564459413,86.86683155001192,189.2556697877162,132.96509678748077,139.465972393583,238.11309577337286,miss,77.47191338767374,86.77257323070009,49.06430187107172,207.38267467271984,169.2238422043778,51.07330840413623,104.72124513639277,61.93548385999998,miss,81.90484770394268,miss,70.19354844000001,miss,107.03993522174272,miss,82.36979542321335,miss,miss,38.82168737990211,159.6393020035359,39.127891405172164,65.57236034293729,90.28523470453763,107.67198810851775,55.20563996202351,38.42441128008151,67.78155766962631,110.64882001741492,90.85747599763769,42.97368554892176,110.10511830705703,miss,70.56176662889263,NA,miss,miss,207.8933913993036,133.7831939095123,210.33437844619883,NA,63.779850313367696,NA,173.42918555455554,164.5428420549114,miss,miss,159.43412110367942,87.47703473229342,miss,58.09476497131836,84.41018523223725,141.82008685058187,173.30527739395367,144.98725054247578,NA,8.778442943671555,43.88444575586243,39.77610598546141,192.05992819077764,175.5785703139702,57.19566722656485,125.27513806981482,16.843212812003117,175.24227773193118,87.19593304972472,185.2919040680824,97.12621390819449,44.70046914242496,4.12903227999999,miss,47.66842119659672,95.07898116894383,77.6653296890777,79.42352128877927,14.255629639861137,201.8839220685606,197.79745365422986,89.11442676066402,175.84248743368317,130.84537742938775,70.70176552938634,127.81872699426245,miss,51.736625848511665,93.34170361598996,NA,NA,NA,NA,98.30219071858684,71.31162662432429,miss,72.22856542382324,76.76891497880841,NA
6-20 part 2,103.37104621018865,NA,NA,NA,miss,miss,61.37692218157263,100.33123580546491,136.55553062710098,124.47782529685668,56.78883095768101,miss,miss,miss,miss,miss,83.93216625810594,125.76682519018406,95.22948502379927,miss,112.87297069275402,120.83329130335242,miss,78.73361878084069,125.56603662037527,95.94293135506709,122.21935483870972,miss,48.55432950450078,144.63876823948542,miss,97.93730288590801,miss,miss,126.91116494509504,84.99791170844773,183.78414882976767,miss,miss,miss,miss,242.98925092809608,153.8218307963878,miss,miss,miss,miss,miss,miss,272.4911034452608,139.72733012764306,miss,miss,miss,miss,miss,211.62085901645824,miss,miss,miss,miss,NA,NA,NA,NA,NA,miss,135.71646026126712,miss,292.00053711124747,miss,96.70048978286289,133.06763398106787,175.04369842402338,113.03899817877539,miss,miss,miss,miss,miss,miss,miss,miss,68.90413434220396,miss,121.2783302238857,miss,miss,miss,miss,NA,miss,miss,32.20645161290323,153.93041118646207,miss,49.28618797048331,186.03936656124665,268.4798251721228,miss,miss,54.65940477810923,80.99641697603195,miss,miss,miss,140.62977127990828,miss,290.73078800259844,miss,74.34092963461383,61.8914251893322,miss,miss,miss,miss,178.44490832459155,miss,NA,miss,237.90249858828156,miss,miss,miss,184.05112079973293,165.3676130642645,41.86439632313498,miss,158.1500208494865,75.32966437644362,miss,miss,miss,miss,116.56748769852369,miss,miss,miss,miss,miss,miss,162.57274737601637,169.3889877705739,243.88708463555244,NA,128.18101664480486,161.20156525604503,87.10203090468744,miss,miss,132.92405975131078,149.1809697923264,144.2965336208198,98.19113048610582,miss,77.18971533829007,50.16391861177787,143.69269556809562,136.6678491019295,155.19230164242637,136.44062062030855,21.439182428072773,68.97337977499613,miss,miss,miss,miss,65.57236036081238,241.58332253565706,54.50322580645161,81.73815404854251,miss,miss,272.34215365537574,miss,44.624123329589786,miss,37.16129032258054,195.8571970168803,miss
6-21 part 1,92.35012418334621,114.8346153491338,101.02215578323374,112.057401651884,48.329083504475854,51.498815852913765,78.97577020486459,59.34900398505909,119.84156030038912,119.46825224859543,154.63983792509757,116.32151505442185,121.06728155453905,37.17046489578215,60.425110661233475,129.78041675889563,34.367838151916004,miss,254.84392444189643,197.201819796352,109.87881622376831,34.0488721966635,32.7523625315253,144.41227597244392,128.03196277955982,32.47005439474323,87.57053461336187,30.565996208095342,57.85951480068905,69.88684410687974,253.71618115965228,104.8806705163335,48.38549332405268,65.11314987778607,190.33898231402085,77.93268100633047,113.16260568313395,miss,24.511293235477968,55.27970845670814,31.04197557359241,67.01764070695982,72.44539779885613,33.412010624541026,142.95756805806124,miss,45.919591296038035,104.01883769488003,65.36924469160402,112.81858135895727,11.232182035161733,65.05027917370194,100.25303928714793,miss,72.30405911060113,96.90127056080256,66.11095140168882,89.18709679999995,57.994900183499475,35.853697411459656,147.54228850296877,211.51771264769874,62.59809005290652,54.68435199729975,85.88387102307689,112.50987850163733,77.11458285530703,71.69788391268746,11.561290299999996,240.84684452206886,86.80793202075893,miss,94.82401468128057,131.103113953082,NA,103.24892643980647,179.92918387985083,155.99875138092472,miss,NA,136.78755379502087,217.5698332880521,miss,191.7045246146893,miss,13.315728900214841,102.59295036287904,54.5282444956486,92.34643184958034,109.53381722128168,73.29235795865232,150.26273981070824,45.68135577098398,74.98486275238217,24.993438437355405,56.74077605307699,111.82895212707925,79.31611960158004,78.38639055000063,192.90845782263673,miss,151.51916934895556,55.82598197226094,127.85873584580003,160.20857995325525,145.99034248654212,35.54806625153493,20.429323415012348,174.14337346931381,119.13671299338917,40.05799756287405,miss,120.02635854916342,105.43514386059667,8.421606406001608,72.1104482663431,131.31361289164667,157.9040407692436,miss,141.45416097443479,43.79889332159507,miss,28.125954341981025,14.44571307035879,15.777010181916312,miss,175.90452813330432,106.62821088036995,14.703065940740842,49.99369784769038,226.07347163374448,50.70478505581728,125.27513806981476,89.46956462128198,60.33475540373173,183.74703875487904,130.8062821080564,59.4580646,75.49244180984049,91.66451609999996,89.73974533638977,miss,92.13572580283973,94.10208543406554,66.48126614311865,226.6022534175433,39.05811354661715,51.306445059560076,miss,102.94796159868075,miss,60.846862921651805,NA,NA,NA,NA,NA,35.97711837855033,86.80793202551544,57.17181581854979,NA,38.3888988820952,66.84952960328255,18.631042737309656,76.88874510534882,miss,139.0325544963163,55.624056890204486,89.24824668472965,96.4780880616654,28.089560932860312,110.39892615905684,132.13161291963678,128.59797881925317,60.69536978384007,268.94679112194837,84.33339914608955,58.57989481537355,124.00577606186978,92.44607231026373
6-21 part 2,249.00769125022828,50.272557436612146,36.86650101355306,104.1335059198089,167.13147478773786,51.87484498428496,140.79697281770865,154.85797729582418,NA,NA,NA,NA,NA,miss,130.76196005609097,150.7453073216559,148.59468677084132,135.00862145361452,miss,83.55349542236094,75.51502197036156,149.14210837706113,110.00287499790345,66.91070975654692,161.9296747447955,143.6357330490318,141.25153216227213,miss,24.45558568458054,61.95750146280111,50.80555657173726,67.58003633569784,miss,53.83599405586698,123.73325678469534,74.27209755019535,83.21408669669981,95.4655117484986,250.2684078395413,45.41935483870965,91.24694193270678,53.16680209447595,113.59567343844311,138.16904333800926,26.425806451612914,230.5790031892726,miss,137.38451292361566,190.51625094214114,80.35822398691307,121.067281541007,111.51139445192082,158.07238426763266,216.01745641875215,30.95397543472107,150.0379195913372,56.15483870967739,85.73286973602234,99.2686681201243,61.276841980991186,256.7660546610916,111.99957187371722,61.38247740828288,9.944026490873663,70.50375478004926,66.89541995711129,118.4391869229074,64.35464693964467,27.94351370849221,61.7811410226146,97.18587702453532,87.16464356864849,66.00771751933543,79.3891685511733,60.41946747487906,201.0529220403875,145.53184074330696,104.489809509651,121.26145984656746,128.28737771081282,122.73717679724497,14.422089659105495,72.50655889094476,210.29546787444747,177.63286812318574,133.84434962731598,114.02709647486888,250.2534204427348,miss,155.9375375897431,59.20519706073984,44.96665894007563,76.04596890076556,150.3262643879248,126.95414561348336,89.4962384178628,83.89965960845224,177.30816457153142,50.27255743661232,69.10179434189469,77.71799604640674,39.6473108947663,49.14068825785582,miss,137.0341145612654,46.6050512417774,135.52286504901156,119.47966828810317,19.278645726850055,149.65107665853003,85.54175033858353,37.371733880517375,57.9831401093515,154.60014309688552,97.83628449606952,129.32508707811778,85.54175033858353,26.657052724139803,44.440358142591904,106.73049217753027,248.60066227184083,149.71030561968973,217.23576052382398,miss,117.17434061181982,69.03761691590815,123.81590173888452,86.17320988553867,114.00317135994455,miss,79.18273916114153,67.33741462923132,283.0637578888843,120.53662877387377,129.2723443813572,62.598090019500496,124.93444557842125,37.89722890102505,197.51280942140414,173.92197516222274,136.19548905266078,28.415422817586027,26.477369049817028,82.01717441526185,65.66070133886907,101.84574244877778,40.05799749577463,38.4244112487452,80.99641697603201,30.386984452911975,77.30007154844283,miss,53.72186745324378,1.6516129032257822,43.226846400586005,108.65554467277477,102.53975894457757,60.846862929882505,38.424411248745095,95.8077853714047,53.14114243946092,283.48745941611224,73.30631356671067,164.68576706275783,47.29499602837092,61.38247740828293,81.78402867622769,91.40002527454406,31.897943396464324,54.30894013095597,89.32462514697875,93.05266833512732,86.07819207490651,160.6230698633309,miss,125.4600863104435,142.78573251914975,149.86282621297747,98.03473911242274,36.279135193168585
6-28 part 1,92.35012418334621,114.8346153491338,101.02215578323374,112.057401651884,48.329083504475854,51.498815852913765,78.97577020486459,59.34900398505909,119.84156030038912,119.46825224859543,154.63983792509757,116.32151505442185,121.06728155453905,37.17046489578215,60.425110661233475,129.78041675889563,34.367838151916004,miss,254.84392444189643,197.201819796352,109.87881622376831,34.0488721966635,32.7523625315253,144.41227597244392,128.03196277955982,32.47005439474323,87.57053461336187,30.565996208095342,57.85951480068905,69.88684410687974,253.71618115965228,104.8806705163335,48.38549332405268,65.11314987778607,190.33898231402085,77.93268100633047,113.16260568313395,miss,24.511293235477968,55.27970845670814,31.04197557359241,67.01764070695982,72.44539779885613,33.412010624541026,142.95756805806124,miss,45.919591296038035,104.01883769488003,65.36924469160402,112.81858135895727,11.232182035161733,65.05027917370194,100.25303928714793,miss,72.30405911060113,96.90127056080256,66.11095140168882,89.18709679999995,57.994900183499475,35.853697411459656,147.54228850296877,211.51771264769874,62.59809005290652,54.68435199729975,85.88387102307689,112.50987850163733,77.11458285530703,71.69788391268746,11.561290299999996,240.84684452206886,86.80793202075893,miss,94.82401468128057,131.103113953082,NA,103.24892643980647,179.92918387985083,155.99875138092472,miss,NA,136.78755379502087,217.5698332880521,miss,191.7045246146893,miss,13.315728900214841,102.59295036287904,54.5282444956486,92.34643184958034,109.53381722128168,73.29235795865232,150.26273981070824,45.68135577098398,74.98486275238217,24.993438437355405,56.74077605307699,111.82895212707925,79.31611960158004,78.38639055000063,192.90845782263673,miss,151.51916934895556,55.82598197226094,127.85873584580003,160.20857995325525,145.99034248654212,35.54806625153493,20.429323415012348,174.14337346931381,119.13671299338917,40.05799756287405,miss,120.02635854916342,105.43514386059667,8.421606406001608,72.1104482663431,131.31361289164667,157.9040407692436,miss,141.45416097443479,43.79889332159507,miss,28.125954341981025,14.44571307035879,15.777010181916312,miss,175.90452813330432,106.62821088036995,14.703065940740842,49.99369784769038,226.07347163374448,50.70478505581728,125.27513806981476,89.46956462128198,60.33475540373173,183.74703875487904,130.8062821080564,59.4580646,75.49244180984049,91.66451609999996,89.73974533638977,miss,92.13572580283973,94.10208543406554,66.48126614311865,226.6022534175433,39.05811354661715,51.306445059560076,miss,102.94796159868075,miss,60.846862921651805,NA,NA,NA,NA,NA,35.97711837855033,86.80793202551544,57.17181581854979,NA,38.3888988820952,66.84952960328255,18.631042737309656,76.88874510534882,miss,139.0325544963163,55.624056890204486,89.24824668472965,96.4780880616654,28.089560932860312,110.39892615905684,132.13161291963678,128.59797881925317,60.69536978384007,268.94679112194837,84.33339914608955,58.57989481537355,124.00577606186978,92.44607231026373
7-23 part 1,415.0037648022003,miss,miss,120.6695107034417,NA,NA,miss,miss,271.84966399289164,244.4945011031599,247.42241754882184,227.0352056971634,262.23223491672104,336.88450058149124,78.34287874860695,miss,78.48203149878523,117.58973529429828,79.89437350051678,187.00459581121493,245.6965024348077,353.8655323646062,588.9847060936177,miss,249.93438465109762,248.75834502263672,114.54623139089833,miss,175.055385767924,55.37215458401526,458.28612468643996,166.15751157669666,61.8418216706513,440.8290666145586,169.4815599916986,279.6303075122817,222.35519201002094,239.22744896730066,119.52246847254563,63.73171657652729,NA,NA,249.74331382401584,169.9235991451877,99.1105366168199,NA,NA,374.0857650983511,263.482733544188,228.01830619495516,148.32366673177236,224.2790590888766,99.15181267900036,139.40239093839227,375.84628112237607,333.67894813364137,309.1517602488025,288.93786471564226,225.40129551465802,166.1164638773214,miss,miss,miss,313.12768692112735,54.503225799999996,441.11671211400574,250.3923600863004,32.06852192655609,189.09344902871445,68.43738625108782,104.2611306798699,235.48664112955237,232.1794161595256,miss,289.22095220419004,288.9142616026838,194.76431134543165,miss,82.99252129520124,123.7828503597262,173.4114898564294,211.8511451929337,213.21804444692836,120.43191641098777,440.7578995185843,171.8709366900292,159.83142003793878,miss,miss,miss,220.80402957499345,346.85837110911115,25.264819218004725,227.8028671133777,350.3911468763178,183.74518301019916,miss,275.54229859970894,357.9430415060195,91.5714727248356,miss,223.21229129252922,153.1375626543315,113.75764881629476,172.86005040436453,143.9274276785986,407.0346302280768,195.3167560353429,miss,143.69032249999998,236.01311454125744,79.29462183461713,405.93742307217633,321.2164185035647,miss,375.1925086801643,128.99509136922,miss,166.74747997473958,239.36993947326468,278.0405826397319,165.6889635961481,miss,miss,282.9083220481153,230.5937905346914,224.27905910213198,328.1227393999508,360.1349414288305,67.4739966850279,163.16731834646794,167.62853930985983,190.0503438804656,88.21839520635332,38.52190147522372,miss,290.68856304422457,148.99342707302583,311.29726887449164,123.88197806331672,127.73066359504796,259.9808692155309,426.2633403501824,39.258390464551915,204.48675325695717,102.99763170582753,137.5705313442117,146.01603201055605,68.09774447093838,138.0752337726637,159.10442382558205,150.7407833687981,216.76436231634605,261.1951527478625,66.08515803641998,180.20754362687148,69.62287953988572,155.1901045067184,122.98695306103322,152.13676963787108,191.316382784055,459.7124406493222,62.783018277007294,70.94249409955734,40.185476250708696,143.65234945259846,224.23648581114318,290.23778090778484,209.04487426070685,308.85161289999996,72.97064306416374,miss,93.85173149194046,149.96972572282127,165.13651424520128,NA,NA,83.9077874273663,153.45786001557587,103.47325181833264
7-24 part 1,miss,240.30825857253237,24.99343842413903,150.65027554427851,150.43283447786456,216.7391922804618,60.48151429780909,171.07552826884395,161.42773602746036,92.54928999890667,155.5850913764574,302.42561160711944,187.07022542994693,333.1594313401892,106.7560471741722,109.0564889943261,112.3582437490808,342.81214166017725,542.0537185484595,203.38994293598572,223.54810959186307,19.95651460128186,290.1014692909586,241.32206650603325,173.49012387013613,124.16790219859932,420.6428180277057,286.87237215566495,139.9297292767905,73.13867089779141,183.14294532341677,115.00967049432546,214.81129117180305,miss,135.00862150554735,158.6236410366163,miss,miss,261.62299116318013,NA,NA,237.3098204155858,miss,335.3872377684949,NA,miss,203.4234695874771,295.42179817425557,137.3919584540855,123.97002486680988,270.2040729885671,89.24824662551093,308.0424107203328,98.1286038532287,miss,miss,487.2370036569067,miss,209.98879509210738,miss,236.18641991925074,388.2555182097307,miss,439.49664514988234,142.70929479142782,64.13704379130897,208.3979480246872,miss,miss,miss,49.98687694740081,miss,231.63245344317772,282.5465126425411,320.13183546581246,83.8590085507302,80.11599503297933,342.72460130882257,miss,miss,143.65234948594062,248.09952689407478,186.31042762042574,283.6353649406213,90.85372312201811,108.78099853509312,233.74261607089116,48.35024489605949,297.8449306930029,140.93010726509206,86.54829833818634,miss,247.90153994715652,336.41048012573,miss,117.55493349454213,276.5650341037207,miss,287.8264247640151,334.39757435629474,105.35426269278003,89.38568096468292,106.52583140017427,310.17360676473857,miss,296.6473333210143,127.85873574375195,246.3617468495726,278.7901054741466,115.96628021296019,314.8391835129253,miss,201.9092552453928,363.00933720161305,miss,miss,156.10144891484927,miss,63.452895685636925,miss,216.5188296012134,miss,166.1000419166907,165.29336662230662,368.2207907030508,miss,256.0053277377764,miss,72.55827038574975,239.47817566228946,miss,477.418986640854,miss,miss,214.9445861635868,137.41181134291347,118.42191199169422,93.09296752912189,314.2104021684215,45.110504115256454,56.87882442992546,36.48532148228723,miss,177.1850445424089,miss,miss,430.0858352174385,miss,NA,NA,miss,193.52083079574868,106.03817904962422,miss,miss,214.6652063042272,179.0458085062703,266.25311421103504,216.0584928723966,219.3351884252116,305.4724927888853,135.47253535219158,108.11443431635126,115.37671736242737,223.12061662447653,miss,130.3519200130035,74.39594940404542,59.2051970315836,259.5765972165138,140.33851146639816,132.31470821292243,miss,150.98488351904285,373.26817015445266,124.3215890343754,28.077419299999974,146.7335141349328,200.9545321723583,80.79409427851427
7-24 part 2,miss,204.4600716886672,103.10351465278154,181.0004984045689,62.193698295287085,miss,276.9642070636646,246.5554382989299,345.22265603033384,180.78183948371284,205.7567661698839,139.56861981654384,miss,277.49062916169686,180.09397934554417,480.6193548,170.78827434595743,323.58970537378883,247.15767658152956,183.35878862918864,310.9816492675712,524.1471027957048,miss,280.77419350941176,116.61135678337831,miss,234.92415601378445,miss,miss,231.99135937334918,295.58334315475815,503.5794555634841,157.77010109683826,166.1903424848071,440.9682733886505,miss,156.20626190186672,312.1941603796269,485.27636244221895,30.13910718803154,NA,NA,miss,222.97385900089276,398.70975428146994,384.7655497377158,miss,321.30132900392147,297.66628559617817,267.5408992785871,miss,miss,miss,NA,NA,miss,207.6373690347938,miss,245.2464422887233,276.14058941786845,miss,257.24898237465777,86.70574493964371,622.8354671409987,236.2326132611593,110.67038930243174,102.5597089797998,181.3016642503589,137.24297026125944,140.4259529026538,163.47630808795972,104.90017534871095,339.0636994060612,34.486689915923925,156.58997590522063,285.246506585307,miss,203.32958090467358,115.76616568693792,195.87460579482715,58.6497020687677,1.651612899999975,191.15947823112035,89.75114344000502,miss,8.42160640600162,146.27734182719755,miss,297.7487505407472,121.55915846713262,125.97812073252929,334.2139816415562,175.35120597699495,356.84395374972746,194.30157110877158,599.662867471806,162.67339085090697,86.70574489011774,94.58999206755628,170.04395584204292,284.197424024973,miss,262.5700928337,miss,165.23559616530542,348.16141025272935,159.83142003793878,133.87237002709443,320.8467963540162,210.08620004749278,94.27223581855469,3.693118716915583,29.26665524875798,304.13006474757833,171.32249987768725,162.24522495001133,454.65876464349145,202.29392820396586,387.36924946966116,208.58112050273283,158.8985522271311,52.87741305418501,miss,224.8257117327683,173.61586410335255,175.35898399110187,107.86183015527796,394.2929628706997,315.83831162534767,165.37586060844055,208.50263770300165,miss,152.02915104950912,223.46267655128835,200.88664901020303,391.3242263376848,187.04835149753958,467.9780387820264,325.5060456711517,35.7298500444767,275.3045997916485,102.3733576373819,218.06920092530137,158.76974682262605,miss,101.39611982277437,62.083951051414424,miss,162.96657931079886,132.99330244625276,250.10895042227682,110.07724306728423,120.29593752655529,123.81590170781695,359.0805490545575,miss,miss,386.3856521390965,271.52837611886963,NA,NA,80.99641694630047,70.55693420902124,180.08640584550213,163.80969541393475,132.22190280962334,miss,miss,301.3458151332849,171.0835006577348,353.86553236460617,330.1904251638709,48.603462922429195,350.3911468585946,175.24227765936067,534.837040534852,miss,51.703662170981886,219.8879290560855,70.16925571083843
7-25 part 1,16.266500687093274,192.2764018468414,212.4939769413989,187.3033893573309,215.75527045728944,176.56043206488422,206.66951080656918,286.33461831164806,miss,21.534397580287404,129.68053915861992,332.495562329109,248.49502745785756,226.36739175017726,319.27860413743025,44.440358197020146,miss,287.22873258114754,180.21511211677443,187.70346302435664,203.9257093184638,70.32458363601907,60.90847435046546,87.16073163876439,231.3437487672469,204.82663718541534,140.73641544381124,137.12366303905105,97.23498386643311,190.96673748261037,NA,143.85159649104847,49.685830778593264,miss,miss,258.5446887049125,215.62247655080012,270.3201453146071,495.9598573301918,96.09208208983864,155.4710871427147,243.74583576364068,140.53275171301985,miss,99.59102541493644,114.48668044798929,64.32814937950029,199.8724587785964,miss,184.95852397511356,208.135993366604,268.786997341009,66.10579362221067,82.0005430862735,324.34330291697324,107.35483872307694,153.88388612883023,526.9913489483231,84.16746406564984,miss,289.0511330419426,20.89143430766369,203.32958083156805,145.76361120854568,100.09646296775708,NA,206.7750756370907,82.00054319503747,138.20358870425957,306.2439510835381,117.72883983468596,28.844179261874515,137.36217382441808,miss,228.3052421720972,102.51980505021459,90.13025793584305,296.23324615210385,246.4004972479381,miss,70.09146277018348,157.77010110625986,16.598504219238865,313.45855084152674,miss,68.37757207606785,197.5387031312457,48.23727692135008,410.25213436951685,miss,344.70866670890564,362.45660235909656,143.88003790438114,94.15642223710051,149.0940891824398,74.7799546844325,miss,240.34798499998473,137.48127404020747,232.93012443256947,154.3175746370453,104.97815826066962,189.94266464902893,42.94193549230768,113.3372347461662,116.78666834650782,406.98436435281616,291.52722228905384,334.21806263796765,407.5068264608802,272.6762383651705,miss,247.0251997901156,264.38706527092495,426.3113331246819,132.99330244625276,177.3466220027423,miss,miss,355.3079641434716,204.293233534083,52.463088092422595,354.6163291211278,miss,147.32720377370808,52.87741305418501,113.90143355378876,miss,166.886473789574,316.9763160023341,368.60951198326114,60.908474372158565,109.61783589190823,67.06850019409595,166.4855298823833,miss,81.88402954506972,392.0032856193695,316.9117661860154,91.61614528736082,55.396780852120415,263.77245711050296,167.81557488819482,42.30193050394336,114.54623139089837,64.13704371405508,97.5990037062676,189.3241211937247,447.7363874694631,miss,234.97640210868738,51.835391325567464,118.69800792559212,132.5927347690805,215.11584409379202,114.16456867689409,157.9515404912895,147.90928956987366,miss,279.40096831678164,122.26398483778482,151.8226689020246,183.29927104924022,135.16007268846374,147.4475049114905,148.97511766759933,54.47819570869014,NA,162.30405970767393,31.89794333416359,322.6568580465781,miss,268.8935370523552,NA,281.6859579463322,68.99315142579741,135.80436687907573,17.243344910070658,251.06689210811686,57.52262113189219
7-26 part 1,97.78050553800297,miss,54.52824450219495,153.3511685475567,266.54494342952006,127.94404604276812,62.08395108488257,miss,148.02911770265047,74.02837828051389,141.40353101958766,41.42224088025827,147.5861920339579,83.51675874119375,miss,128.6244911727486,115.76616569476174,miss,321.7425023766489,69.46598266157625,98.98660542775605,117.90248991430028,299.23379087679496,miss,137.24297024771118,202.5567045644153,142.3073229033737,146.99354838709678,197.89741317015262,120.57905382197846,215.0904811665303,127.94404604276808,88.78859598098568,250.46316238680524,217.16668614997351,199.79055505628443,186.31042762617358,219.51544784327,miss,118.23749007092714,262.04492612728285,318.14883499248583,5.954975009798597,87.78442993742155,132.4795351050271,83.17310059033872,304.5468502819382,miss,miss,292.8994741837329,18.831284440347137,36.22269885846515,283.48625661556565,255.97868797865112,166.1575116209139,146.1000754618148,268.97468185632016,263.23414534545924,82.54760629413022,180.96281748230544,126.41044227734255,110.00287499790336,359.372902771784,88.78859598098573,137.8874233541653,miss,246.6439323925406,413.3720177482167,94.66206063257334,90.11512396439112,265.57606802652367,85.0219779384733,221.2976400558234,87.2702005751604,76.99067554390983,187.81968814515355,178.93150690230866,218.4379044152544,miss,201.74030761590873,299.16541281499434,265.84811950262156,175.42119563864688,143.88003790301104,90.35696304121345,164.51590031609646,157.12039300492748,180.41933903554488,308.31680451426854,234.18566413459254,62.43446312112984,113.76963781727487,275.15097692731945,28.12595425598174,56.179121884308444,383.47307586941923,196.9855660077679,248.12701255615355,193.26694031448415,240.04703528000957,135.68379473616665,118.42191208212367,82.15010347236506,miss,miss,112.50381702392664,168.18902205077924,68.03763174910664,miss,89.32462514697883,281.29833430437185,403.15935245947884,221.59943350153162,197.4351079525556,128.19963620137304,miss,miss,miss,323.26499176549356,63.108040421715614,185.48870321896226,miss,miss,miss,12.578309129684849,479.37762217379196,miss,142.8143861331081,149.42305416335432,197.0893974650391,174.01605485274644,195.3377041107077,124.2667226407751,272.5611692984993,126.32409633675032,miss,44.47103840730428,127.63452506086676,186.9900082469197,285.77199005810377,183.23229066218417,138.51903237788406,108.58020278598093,miss,294.01493162901033,miss,250.4577167659584,306.30184347015506,382.86439088875034,296.86794367757295,NA,miss,207.98521999837683,165.9850425165774,276.8607729835803,201.80790363308986,172.9862487241649,184.60422530375624,379.86019620071835,96.19138744030003,232.43187761477483,91.79461851063499,80.97957605330586,119.8529407605379,7.0072001025970705,158.8985521820005,miss,299.2748102148529,252.356507150802,miss,226.36739174577605,246.83740248882415,278.9319448250999,miss,313.8238365303213,110.85509661431632,269.57237034087274,157.1203930049275,247.9015399862926,miss
